Site_ID	RSA_mean	RSA_sd	Lys_Conservation
P50247-8	0.369173728813	0.026414105169	0.717444717445
P50247-20	0.292372881356	0.00733919833721	0.706172839506
P50247-174	0.523305084746	0.00702674743727	0.454320987654
P50247-186	0.0143008474576	0.00205136829778	0.985185185185
P63005-54	0.156779661017	0.072033898305	0.854330708661
P70168-376	0.438132370948	0.188080667993	0.36398467433
P26041-79	0.470338983051	0.0	0.753164556962
P26041-151	0.46186440678	0.0	0.464968152866
P07356-115	0.321504237288	0.158579305499	0.596638655462
P04918-26	0.449152542373	0.033898305085	0.473684210526
O88844-58	0.326271186441	0.0827085648134	0.0833333333333
O88844-87	0.60063559322	0.160971642823	0.355608591885
O88844-93	0.55720338983	0.0288166748067	0.62380952381
O88844-126	0.383474576271	0.022521495366	0.77619047619
O88844-151	0.329449152543	0.0374676677625	0.672985781991
O88844-260	0.43220338983	0.00669974080561	0.943396226415
O88844-374	0.359110169492	0.0234730082694	0.962174940898
Q9EQP2-291	0.43220338983	0.0169491525425	0.365168539326
Q60769-81	0.341101694916	0.0063559322035	0.705128205128
Q60769-82	0.108050847458	0.0063559322035	0.794871794872
P01901-359	0.341942506963	0.243956472161	0.196581196581
Q8QZR1-192	0.16091954023	0.0	0.371584699454
Q8QZR1-227	0.258706467662	0.0	0.289617486339
Q8QZR1-232	0.00701754385965	0.0	0.439890710383
Q8QZR1-311	0.0	0.0	0.233516483516
Q8QZR1-328	0.00497512437811	0.0	0.123626373626
Q9QZE5-300	0.198826597132	0.0509097530118	0.586440677966
Q9QZE5-471	0.259459992117	0.0725901751796	0.662162162162
Q9QZE5-514	0.285472154964	0.0517185842124	0.317406143345
Q99KQ4-19	0.0197740112995	0.00399495356603	0.732142857143
Q99KQ4-32	0.216807909604	0.0228730716677	0.544378698225
Q99KQ4-84	0.222457627119	0.0551254738612	0.60119047619
Q99KQ4-117	0.262005649717	0.00826603101048	0.761904761905
Q99KQ4-174	0.495762711864	0.0634650902223	0.467065868263
Q99KQ4-189	0.0600282485876	0.0147630967234	0.542168674699
Q99KQ4-339	0.463983050848	0.0264335695934	0.786982248521
Q99KQ4-342	0.266242937853	0.022074151989	0.810650887574
Q9QZ85-26	0.556829511465	0.151591271842	0.105263157895
Q9QZ85-32	0.161370056497	0.0937398584213	0.245614035088
Q9QZ85-101	0.589232303091	0.111886219778	0.0877192982456
Q9QZ85-204	0.519441674975	0.0990758071502	0.140350877193
Q9QZ85-255	0.071036889332	0.0280516762191	0.263157894737
Q9QZ85-274	0.00548354935194	0.00241659015824	0.315789473684
Q9QZ85-352	0.438683948156	0.0545959145928	0.105263157895
Q9JHU4-650	0.366525423728	0.0148305084745	0.505882352941
Q9JHU4-3405	0.313559322034	0.016949152542	0.511764705882
P84099-190	0.491525423729	0.0	0.255707762557
P34914-76	0.574152542373	0.0424258143949	0.0358208955224
P34914-176	0.553495762712	0.0287338050637	0.0298507462687
P34914-191	0.574152542373	0.0548806518941	0.164179104478
P34914-404	0.108580508474	0.0247924358866	0.355223880597
P47934-492	0.09375	0.0165386599534	0.536945812808
P62983-11	0.459745762712	0.0783898305085	0.788961038961
P62983-27	0.224576271187	0.218785265143	0.912052117264
P62983-29	0.26906779661	0.01906779661	0.820846905537
P62983-63	0.487288135593	0.072033898305	0.808441558442
Q93092-130	0.608050847458	0.00635593220358	0.290909090909
Q93092-215	0.546610169491	0.0158544804525	0.275757575758
Q93092-219	0.459745762712	0.0306288819807	0.348484848485
Q93092-265	0.684322033899	0.0477047891915	0.227272727273
Q93092-269	0.77436440678	0.0628759163211	0.175757575758
Q93092-277	0.704449152542	0.0518418826408	0.157575757576
Q93092-321	0.45656779661	0.025665342033	0.755287009063
P68134-70	0.46186440678	0.0	0.857142857143
Q63932-88	0.10593220339	0.0	0.774011299435
Q9JIF7-261	0.236703682057	0.0597818049337	0.258899676375
Q9JIF7-362	0.192552151239	0.0496477706086	0.832786885246
Q9JIF7-876	0.236789631107	0.102159977993	0.524115755627
P19157-116	0.231427911778	0.0836175083419	0.484375
P19157-121	0.566390268849	0.163953784785	0.3515625
P17427-165	0.0868644067796	0.0269659365706	0.612377850163
P42227-601	0.299788135593	0.0254898504565	0.83908045977
P42227-642	0.0762711864407	0.00792724022623	0.819277108434
Q9CXW3-213	0.60593220339	0.0169491525425	0.876923076923
P35505-79	0.428813559322	0.0238796657687	0.330578512397
P35505-144	0.727966101695	0.0439045215151	0.427385892116
P35505-371	0.544915254237	0.0266780953198	0.604081632653
P35505-411	0.390677966102	0.028221738653	0.534693877551
Q60932-123	0.55720338983	0.0783898305085	0.675675675676
Q60932-279	0.775423728813	0.0847457627115	0.554054054054
Q60932-287	0.377118644067	0.0254237288135	0.831081081081
Q9JII6-23	0.55720338983	0.0190677966105	0.697247706422
Q9JII6-85	0.209745762712	0.010593220339	0.719626168224
Q9JII6-127	0.521186440677	0.0677966101695	0.601851851852
Q9JII6-157	0.114406779661	0.0	0.361111111111
Q9JII6-308	0.627118644068	0.0	0.537037037037
Q9DC50-34	0.247881355932	0.00702674743723	0.635658914729
Q9DC50-69	0.236758474576	0.146499871254	0.645669291339
Q9DC50-148	0.323093220339	0.0317620007426	0.622047244094
Q71RI9-83	0.115617433414	0.0129545608711	0.472602739726
P09411-184	0.262711864407	0.0	0.240648379052
P09411-192	0.419491525424	0.0	0.820448877805
P09411-199	0.262711864407	0.0	0.504987531172
P09411-216	0.559322033898	0.0	0.985018726592
P09411-267	0.533898305085	0.0	0.494382022472
P09411-272	0.161016949153	0.0	0.716604244694
P14069-47	0.533898305085	0.0	0.590909090909
O09061-203	0.412108865711	0.193083789479	0.457317073171
P55264-98	0.38418079096	0.0290150262488	0.23595505618
P55264-116	0.268361581921	0.00720200496294	0.401685393258
P55264-162	0.151129943503	0.0190547140721	0.196078431373
P55264-357	0.54802259887	0.0250283123538	0.543175487465
P63017-56	0.322033898305	0.0	0.855123674912
P63017-88	0.684322033898	0.0021186440675	0.833333333333
P63017-108	0.485169491526	0.0275423728815	0.797872340426
P63017-112	0.334745762712	0.0169491525425	0.875886524823
P63017-126	0.158898305085	0.023305084746	0.886524822695
P63017-128	0.152542372881	0.021186440678	0.769503546099
P63017-137	0.553672316384	0.106317566478	0.516014234875
P63017-159	0.349576271187	0.0148305084745	0.871886120996
P63017-187	0.665254237288	0.042372881356	0.807829181495
P63017-246	0.436440677966	0.03813559322	0.763250883392
P63017-257	0.612288135593	0.133474576271	0.540636042403
P63017-524	0.243644067796	0.0572033898305	0.734982332155
P63017-526	0.476694915255	0.0360169491525	0.720848056537
P63017-583	0.622881355932	0.0	0.326241134752
G3X982-17	0.662076271187	0.00351337371848	0.269035532995
G3X982-18	0.448093220339	0.0446802896379	0.390862944162
G3X982-907	0.278601694915	0.131505348317	0.581632653061
G3X982-1104	0.472457627119	0.190736808247	0.192893401015
G3X982-1111	0.449152542373	0.18220338983	0.167512690355
P05132-280	0.446415408477	0.104898292773	0.744565217391
Q9WVE8-264	0.244252873563	0.037356321839	0.402777777778
O55239-8	0.32697740113	0.0145589887912	0.314685314685
O55239-23	0.207627118644	0.0543188828335	0.244755244755
Q64339-8	0.342051431911	0.0927602518497	0.493670886076
Q64339-35	0.405276107162	0.104943711616	0.582278481013
P06745-25	0.392831920904	0.0185700559192	0.0391608391608
P06745-73	0.436793785311	0.0345955107609	0.272089761571
P06745-89	0.311440677966	0.0113434875735	0.415966386555
P06745-226	0.207627118644	0.0164109463822	0.36974789916
P06745-241	0.413488700565	0.0114037819647	0.542134831461
P06745-252	0.351871468927	0.0380664621104	0.350631136045
P06745-440	0.034604519774	0.0161659931388	0.631652661064
